Customer Name;Customer Code;Rep Name;Rep Code;Previous Grading;Current Grading;New Grading Request;Brick Name;Brick Code;Town / City;Province;Sub Region;Suburb Name;Latitude;Longitude;Coordinate Source;Coordinate Confidence;Coordinate Match
ALPHA PHARM PHARMACY - RUSTENBURG;O0087672;ALFONSO MAGMAN;ACT01008;A;A;;MUIZENBERG;6049;CAPE TOWN;WESTERN CAPE;CITY OF CAPE TOWN METROPOLITAN MUNICIPALITY;MUIZENBERG;-34.108200;18.468000;Area estimate;Area-level;MUIZENBERG centroid
ARIEFA'S PHARMACY;O0089479;ALFONSO MAGMAN;ACT01008;A;A;;GRASSY PARK;6032;CAPE TOWN;WESTERN CAPE;CITY OF CAPE TOWN METROPOLITAN MUNICIPALITY;GRASSY PARK;-34.049400;18.502000;Area estimate;Area-level;GRASSY PARK centroid
ATHLONE PHARMACY;O0089169;ALFONSO MAGMAN;ACT01008;A;A;;ATHLONE;5850;CAPE TOWN;WESTERN CAPE;CITY OF CAPE TOWN METROPOLITAN MUNICIPALITY;ATHLONE;-33.962720;18.501726;OSM place;Low;Athlone, Birdwood Street, Gleemoor, Cape Town Ward 49, Cape Town, City of Cape Town, Western Cape, 7770, South Africa
CAPE TOWN STATION PHARMACY;O0089092;ALFONSO MAGMAN;ACT01008;A;A;;CAPE TOWN;6157;CAPE TOWN;WESTERN CAPE;CITY OF CAPE TOWN METROPOLITAN MUNICIPALITY;CAPE TOWN;-33.922607;18.426459;OSM place;Medium;Cape Town Station, Adderley Street, Cape Town Ward 115, Cape Town, City of Cape Town, Western Cape, 8001, South Africa
DIS-CHEM PHARMACY - ARTEM;O1917524;ALFONSO MAGMAN;ACT01008;A;A;;SEA POINT;6194;CAPE TOWN;WESTERN CAPE;CITY OF CAPE TOWN METROPOLITAN MUNICIPALITY;SEA POINT;-33.918000;18.389500;Area estimate;Area-level;SEA POINT centroid
DIS-CHEM PHARMACY - BLUE ROUTE;O0297362;ALFONSO MAGMAN;ACT01008;A;A;;TOKAI;6075;CAPE TOWN;WESTERN CAPE;CITY OF CAPE TOWN METROPOLITAN MUNICIPALITY;TOKAI;-34.061700;18.438300;Area estimate;Area-level;TOKAI centroid
DIS-CHEM PHARMACY - CULEMBORG;O0229462;ALFONSO MAGMAN;ACT01008;A;A;;FORESHORE;6165;CAPE TOWN;WESTERN CAPE;CITY OF CAPE TOWN METROPOLITAN MUNICIPALITY;FORESHORE;-33.916700;18.432300;Area estimate;Area-level;FORESHORE centroid
DIS-CHEM PHARMACY - FORESHORE;O0409994;ALFONSO MAGMAN;ACT01008;A;A;;CAPE TOWN;6157;CAPE TOWN;WESTERN CAPE;CITY OF CAPE TOWN METROPOLITAN MUNICIPALITY;CAPE TOWN;-33.924900;18.424100;Area estimate;Area-level;CAPE TOWN centroid
DIS-CHEM PHARMACY - HERMANUS;O0387857;ALFONSO MAGMAN;ACT01008;A;A;;SANDBAAI;11710;SANDBAAI;WESTERN CAPE;OVERBERG DISTRICT MUNICIPALITY;SANDBAAI;-34.421900;19.193200;Area estimate;Area-level;SANDBAAI centroid
DIS-CHEM PHARMACY - KENILWORTH CENTRE;O0410161;ALFONSO MAGMAN;ACT01008;A;A;;KENILWORTH;5820;CAPE TOWN;WESTERN CAPE;CITY OF CAPE TOWN METROPOLITAN MUNICIPALITY;KENILWORTH;-33.994100;18.471500;Area estimate;Area-level;KENILWORTH centroid
DIS-CHEM PHARMACY - LIBERTY PROMENADE;O0373222;ALFONSO MAGMAN;ACT01008;A;A;;MITCHELLS PLAIN;5929;CAPE TOWN;WESTERN CAPE;CITY OF CAPE TOWN METROPOLITAN MUNICIPALITY;MITCHELLS PLAIN;-34.048800;18.617300;Area estimate;Area-level;MITCHELLS PLAIN centroid
DIS-CHEM PHARMACY - NOORDHOEK;O0359091;ALFONSO MAGMAN;ACT01008;A;A;;SUN VALLEY;7796;CAPE TOWN;WESTERN CAPE;CITY OF CAPE TOWN METROPOLITAN MUNICIPALITY;SUN VALLEY;-34.126900;18.399400;Area estimate;Area-level;SUN VALLEY centroid
DIS-CHEM PHARMACY - OTTERY CENTRE;O1866824;ALFONSO MAGMAN;ACT01008;A;A;;OTTERY;5987;CAPE TOWN;WESTERN CAPE;CITY OF CAPE TOWN METROPOLITAN MUNICIPALITY;OTTERY;-34.015100;18.506100;Area estimate;Area-level;OTTERY centroid
DIS-CHEM PHARMACY - SEA POINT;O0313666;ALFONSO MAGMAN;ACT01008;A;A;;SEA POINT;6194;CAPE TOWN;WESTERN CAPE;CITY OF CAPE TOWN METROPOLITAN MUNICIPALITY;SEA POINT;-33.910476;18.394699;OSM pharmacy;High;Dis-Chem, Main Road, Cape Town Ward 54, Cape Town, City of Cape Town, Western Cape, 8005, South Africa
DIS-CHEM PHARMACY - SITARI FIELDS;O0410069;ALFONSO MAGMAN;ACT01008;A;A;;MACASSAR;5167;CAPE TOWN;WESTERN CAPE;CITY OF CAPE TOWN METROPOLITAN MUNICIPALITY;MACASSAR;-34.060500;18.756700;Area estimate;Area-level;MACASSAR centroid
DIS-CHEM PHARMACY - SOMERSET MALL;O0201366;ALFONSO MAGMAN;ACT01008;A;A;;SOMERSET WEST;5194;CAPE TOWN;WESTERN CAPE;CITY OF CAPE TOWN METROPOLITAN MUNICIPALITY;SOMERSET WEST;-34.075700;18.843300;Area estimate;Area-level;SOMERSET WEST centroid
DIS-CHEM PHARMACY - SUN VALLEY;O0171526;ALFONSO MAGMAN;ACT01008;A;A;;SUN VALLEY;7796;CAPE TOWN;WESTERN CAPE;CITY OF CAPE TOWN METROPOLITAN MUNICIPALITY;SUN VALLEY;-34.126900;18.399400;Area estimate;Area-level;SUN VALLEY centroid
E-KEM PHARMACY;O0396417;ALFONSO MAGMAN;ACT01008;A;A;;EERSTE RIVER;5067;CAPE TOWN;WESTERN CAPE;CITY OF CAPE TOWN METROPOLITAN MUNICIPALITY;EERSTE RIVER;-34.006000;18.733900;Area estimate;Area-level;EERSTE RIVER centroid
THE LOCAL CHOICE PHARMACY - WESTGATE;O0088634;ALFONSO MAGMAN;ACT01008;A;A;;MITCHELLS PLAIN;5929;CAPE TOWN;WESTERN CAPE;CITY OF CAPE TOWN METROPOLITAN MUNICIPALITY;MITCHELLS PLAIN;-34.048800;18.617300;Area estimate;Area-level;MITCHELLS PLAIN centroid
VITACARE RUSTENBURG PHARMACY - RONDEBOSCH;O0084882;ALFONSO MAGMAN;ACT01008;A;A;;RONDEBOSCH;5833;CAPE TOWN;WESTERN CAPE;CITY OF CAPE TOWN METROPOLITAN MUNICIPALITY;RONDEBOSCH;-33.963700;18.476400;Area estimate;Area-level;RONDEBOSCH centroid
BELKEM PHARMACY;O0395649;ALFONSO MAGMAN;ACT01008;B;B;;MACASSAR;5167;CAPE TOWN;WESTERN CAPE;CITY OF CAPE TOWN METROPOLITAN MUNICIPALITY;MACASSAR;-34.060500;18.756700;Area estimate;Area-level;MACASSAR centroid
BEL-KEM PHARMACY;O0084728;ALFONSO MAGMAN;ACT01008;B;B;;BELHAR;5404;CAPE TOWN;WESTERN CAPE;CITY OF CAPE TOWN METROPOLITAN MUNICIPALITY;BELHAR;-33.944000;18.627000;Area estimate;Area-level;BELHAR centroid
BLOOMS CHEMIST;O0084827;ALFONSO MAGMAN;ACT01008;B;B;;GARDENS;6169;CAPE TOWN;WESTERN CAPE;CITY OF CAPE TOWN METROPOLITAN MUNICIPALITY;GARDENS;-33.932083;18.409060;OSM place;Low;Blooms, Union Street, Cape Town Ward 115, Cape Town, City of Cape Town, Western Cape, 8001, South Africa
CAPE TOWN AIRPORT PHARMACY;O0261826;ALFONSO MAGMAN;ACT01008;B;B;;AIRPORT INDUSTRIA;5415;CAPE TOWN;WESTERN CAPE;CITY OF CAPE TOWN METROPOLITAN MUNICIPALITY;AIRPORT INDUSTRIA;-33.971846;18.602113;OSM place;Medium;Cape Town International Airport, Falcon Crescent, Cape Town Ward 24, City of Cape Town, Western Cape, 7579, South Africa
CIRCLE PHARMACY;O0087197;ALFONSO MAGMAN;ACT01008;B;B;;SOMERSET WEST;5194;CAPE TOWN;WESTERN CAPE;CITY OF CAPE TOWN METROPOLITAN MUNICIPALITY;SOMERSET WEST;-34.100762;18.854987;OSM place;Low;Delson Circle, Heritage Villas, Cape Town Ward 84, Somerset West, City of Cape Town, Western Cape, 7135, South Africa
CLICKS PHARMACY - 3 ARTS VILLAGE;O1802465;ALFONSO MAGMAN;ACT01008;B;B;;PLUMSTEAD;5990;CAPE TOWN;WESTERN CAPE;CITY OF CAPE TOWN METROPOLITAN MUNICIPALITY;PLUMSTEAD;-34.019300;18.472100;Area estimate;Area-level;PLUMSTEAD centroid
CLICKS PHARMACY - ADDERLEY STREET;O0288214;ALFONSO MAGMAN;ACT01008;B;B;;CAPE TOWN;6157;CAPE TOWN;WESTERN CAPE;CITY OF CAPE TOWN METROPOLITAN MUNICIPALITY;CAPE TOWN;-33.924900;18.424100;Area estimate;Area-level;CAPE TOWN centroid
CLICKS PHARMACY - ADELPHI CENTRE;O0255161;ALFONSO MAGMAN;ACT01008;B;B;;SEA POINT;6194;CAPE TOWN;WESTERN CAPE;CITY OF CAPE TOWN METROPOLITAN MUNICIPALITY;SEA POINT;-33.918000;18.389500;Area estimate;Area-level;SEA POINT centroid
CLICKS PHARMACY - ASHERS;O0135413;ALFONSO MAGMAN;ACT01008;B;B;;PLUMSTEAD;5990;CAPE TOWN;WESTERN CAPE;CITY OF CAPE TOWN METROPOLITAN MUNICIPALITY;PLUMSTEAD;-34.019300;18.472100;Area estimate;Area-level;PLUMSTEAD centroid
CLICKS PHARMACY - BELHAR (AIRPORT SHOPPING CENTRE);O0411605;ALFONSO MAGMAN;ACT01008;B;B;;BELHAR;5404;CAPE TOWN;WESTERN CAPE;CITY OF CAPE TOWN METROPOLITAN MUNICIPALITY;BELHAR;-33.944000;18.627000;Area estimate;Area-level;BELHAR centroid
CLICKS PHARMACY - BLUE ROUTE;O0209664;ALFONSO MAGMAN;ACT01008;B;B;;TOKAI;6075;CAPE TOWN;WESTERN CAPE;CITY OF CAPE TOWN METROPOLITAN MUNICIPALITY;TOKAI;-34.061700;18.438300;Area estimate;Area-level;TOKAI centroid
CLICKS PHARMACY - BREDASDORP;O0372851;ALFONSO MAGMAN;ACT01008;B;B;;BREDASDORP;5252;BREDASDORP;WESTERN CAPE;OVERBERG DISTRICT MUNICIPALITY;BREDASDORP;-34.532200;20.040300;Area estimate;Area-level;BREDASDORP centroid
CLICKS PHARMACY - BURG STREET;O0246488;ALFONSO MAGMAN;ACT01008;B;B;;CAPE TOWN;6157;CAPE TOWN;WESTERN CAPE;CITY OF CAPE TOWN METROPOLITAN MUNICIPALITY;CAPE TOWN;-33.924900;18.424100;Area estimate;Area-level;CAPE TOWN centroid
CLICKS PHARMACY - CALEDON;O0309850;ALFONSO MAGMAN;ACT01008;B;B;;CALEDON;5241;CALEDON;WESTERN CAPE;OVERBERG DISTRICT MUNICIPALITY;CALEDON;-34.229100;19.426500;Area estimate;Area-level;CALEDON centroid
CLICKS PHARMACY - CAPE QUARTER;O0417724;ALFONSO MAGMAN;ACT01008;B;B;;GREEN POINT;6170;CAPE TOWN;WESTERN CAPE;CITY OF CAPE TOWN METROPOLITAN MUNICIPALITY;GREEN POINT;-33.906900;18.407500;Area estimate;Area-level;GREEN POINT centroid
CLICKS PHARMACY - CAPRICORN SQUARE;O0296566;ALFONSO MAGMAN;ACT01008;B;B;;MUIZENBERG;6049;CAPE TOWN;WESTERN CAPE;CITY OF CAPE TOWN METROPOLITAN MUNICIPALITY;MUIZENBERG;-34.108200;18.468000;Area estimate;Area-level;MUIZENBERG centroid
CLICKS PHARMACY - CENTRAL SQUARE PINELANDS;O0257317;ALFONSO MAGMAN;ACT01008;B;B;;PINELANDS;5333;CAPE TOWN;WESTERN CAPE;CITY OF CAPE TOWN METROPOLITAN MUNICIPALITY;PINELANDS;-33.940401;18.497684;OSM pharmacy;High;Clicks, 6, Central Square, Maitland Garden Village, Pinelands, Cape Town, City of Cape Town, Western Cape, 7430, South Africa
CLICKS PHARMACY - CHARLESVILLE;O0088319;ALFONSO MAGMAN;ACT01008;B;B;;CHARLESVILLE;5407;CAPE TOWN;WESTERN CAPE;CITY OF CAPE TOWN METROPOLITAN MUNICIPALITY;CHARLESVILLE;-33.944800;18.573300;Area estimate;Area-level;CHARLESVILLE centroid
CLICKS PHARMACY - CINNAMON SQUARE;O0304130;ALFONSO MAGMAN;ACT01008;B;B;;STRAND;5216;CAPE TOWN;WESTERN CAPE;CITY OF CAPE TOWN METROPOLITAN MUNICIPALITY;STRAND;-34.106900;18.827500;Area estimate;Area-level;STRAND centroid
CLICKS PHARMACY - CLOCK TOWER;O0380690;ALFONSO MAGMAN;ACT01008;B;B;;WATERFRONT;6208;CAPE TOWN;WESTERN CAPE;CITY OF CAPE TOWN METROPOLITAN MUNICIPALITY;WATERFRONT;-33.903100;18.421700;Area estimate;Area-level;WATERFRONT centroid
CLICKS PHARMACY - DELFT MALL;O0384582;ALFONSO MAGMAN;ACT01008;B;B;;DELFT;5062;CAPE TOWN;WESTERN CAPE;CITY OF CAPE TOWN METROPOLITAN MUNICIPALITY;DELFT;-33.970800;18.642500;Area estimate;Area-level;DELFT centroid
CLICKS PHARMACY - ERICA SQUARE;O0385793;ALFONSO MAGMAN;ACT01008;B;B;;BELHAR;5404;CAPE TOWN;WESTERN CAPE;CITY OF CAPE TOWN METROPOLITAN MUNICIPALITY;BELHAR;-33.944000;18.627000;Area estimate;Area-level;BELHAR centroid
CLICKS PHARMACY - GLENGARIFF;O0084801;ALFONSO MAGMAN;ACT01008;B;B;;SEA POINT;6194;CAPE TOWN;WESTERN CAPE;CITY OF CAPE TOWN METROPOLITAN MUNICIPALITY;SEA POINT;-33.918000;18.389500;Area estimate;Area-level;SEA POINT centroid
CLICKS PHARMACY - GOLDEN ACRE;O0207692;ALFONSO MAGMAN;ACT01008;B;B;;FORESHORE;6165;CAPE TOWN;WESTERN CAPE;CITY OF CAPE TOWN METROPOLITAN MUNICIPALITY;FORESHORE;-33.916700;18.432300;Area estimate;Area-level;FORESHORE centroid
CLICKS PHARMACY - GORDON'S BAY;O0388047;ALFONSO MAGMAN;ACT01008;B;B;;GORDON'S BAY;5219;CAPE TOWN;WESTERN CAPE;CITY OF CAPE TOWN METROPOLITAN MUNICIPALITY;GORDON'S BAY;-34.150413;18.881946;OSM pharmacy;High;Clicks, Seafari Close, Nautilus Village, Temperance Town, Cape Town Ward 100, City of Cape Town, Western Cape, 7150, South Africa
CLICKS PHARMACY - GRASSY PARK;O0406344;ALFONSO MAGMAN;ACT01008;B;B;;GRASSY PARK;6032;CAPE TOWN;WESTERN CAPE;CITY OF CAPE TOWN METROPOLITAN MUNICIPALITY;GRASSY PARK;-34.049400;18.502000;Area estimate;Area-level;GRASSY PARK centroid
CLICKS PHARMACY - GUGULETHU SQUARE;O0262342;ALFONSO MAGMAN;ACT01008;B;B;;GUGULETU;5842;CAPE TOWN;WESTERN CAPE;CITY OF CAPE TOWN METROPOLITAN MUNICIPALITY;GUGULETU;-33.983800;18.566200;Area estimate;Area-level;GUGULETU centroid
CLICKS PHARMACY - HARBOUR BAY;O0394458;ALFONSO MAGMAN;ACT01008;B;B;;SIMON'S TOWN;6133;CAPE TOWN;WESTERN CAPE;CITY OF CAPE TOWN METROPOLITAN MUNICIPALITY;SIMON'S TOWN;-34.193700;18.435700;Area estimate;Area-level;SIMON'S TOWN centroid
CLICKS PHARMACY - HERMANUS;O0231012;ALFONSO MAGMAN;ACT01008;B;B;;HERMANUS;5229;HERMANUS;WESTERN CAPE;OVERBERG DISTRICT MUNICIPALITY;HERMANUS;-34.420142;19.238778;OSM pharmacy;High;Clicks, Park Avenue, Overstrand Ward 3, Hermanus, Overstrand Local Municipality, Overberg District Municipality, Western Cape, 7200, South Africa
CLICKS PHARMACY - HERMANUS STATION MALL;O1802467;ALFONSO MAGMAN;ACT01008;B;B;;HERMANUS;5229;HERMANUS;WESTERN CAPE;OVERBERG DISTRICT MUNICIPALITY;HERMANUS;-34.418700;19.234500;Area estimate;Area-level;HERMANUS centroid
CLICKS PHARMACY - KENILWORTH CENTRE;O0213626;ALFONSO MAGMAN;ACT01008;B;B;;KENILWORTH;5820;CAPE TOWN;WESTERN CAPE;CITY OF CAPE TOWN METROPOLITAN MUNICIPALITY;KENILWORTH;-33.994100;18.471500;Area estimate;Area-level;KENILWORTH centroid
CLICKS PHARMACY - LANSDOWNE;O0327011;ALFONSO MAGMAN;ACT01008;B;B;;LANSDOWNE;5894;CAPE TOWN;WESTERN CAPE;CITY OF CAPE TOWN METROPOLITAN MUNICIPALITY;LANSDOWNE;-33.987700;18.497000;Area estimate;Area-level;LANSDOWNE centroid
CLICKS PHARMACY - LONG BEACH MALL;O0222084;ALFONSO MAGMAN;ACT01008;B;B;;SUN VALLEY;7796;CAPE TOWN;WESTERN CAPE;CITY OF CAPE TOWN METROPOLITAN MUNICIPALITY;SUN VALLEY;-34.126900;18.399400;Area estimate;Area-level;SUN VALLEY centroid
CLICKS PHARMACY - LONG STREET;O0368513;ALFONSO MAGMAN;ACT01008;B;B;;CAPE TOWN;6157;CAPE TOWN;WESTERN CAPE;CITY OF CAPE TOWN METROPOLITAN MUNICIPALITY;CAPE TOWN;-33.924900;18.424100;Area estimate;Area-level;CAPE TOWN centroid
CLICKS PHARMACY - MAKHAZA;O1774406;ALFONSO MAGMAN;ACT01008;B;B;;MAKHAZA;14312;CAPE TOWN;WESTERN CAPE;CITY OF CAPE TOWN METROPOLITAN MUNICIPALITY;MAKHAZA;-34.046500;18.669100;Area estimate;Area-level;MAKHAZA centroid
CLICKS PHARMACY - MFULENI;O1864927;ALFONSO MAGMAN;ACT01008;B;B;;MFULENI;7311;CAPE TOWN;WESTERN CAPE;CITY OF CAPE TOWN METROPOLITAN MUNICIPALITY;MFULENI;-34.001500;18.682400;Area estimate;Area-level;MFULENI centroid
CLICKS PHARMACY - OBSERVATORY;O0408634;ALFONSO MAGMAN;ACT01008;B;B;;OBSERVATORY;6005;CAPE TOWN;WESTERN CAPE;CITY OF CAPE TOWN METROPOLITAN MUNICIPALITY;OBSERVATORY;-33.937107;18.462515;OSM pharmacy;High;Clicks, 368, Main Road, Cape Town Ward 57, Cape Town, City of Cape Town, Western Cape, 7925, South Africa
CLICKS PHARMACY - OTTERY CENTRE;O0211685;ALFONSO MAGMAN;ACT01008;B;B;;OTTERY;5987;CAPE TOWN;WESTERN CAPE;CITY OF CAPE TOWN METROPOLITAN MUNICIPALITY;OTTERY;-34.015100;18.506100;Area estimate;Area-level;OTTERY centroid
CLICKS PHARMACY - PELICAN PARK;O1861113;ALFONSO MAGMAN;ACT01008;B;B;;PELICAN PARK;6055;CAPE TOWN;WESTERN CAPE;CITY OF CAPE TOWN METROPOLITAN MUNICIPALITY;PELICAN PARK;-34.054011;18.528470;OSM pharmacy;High;Clicks, 2, Dollarbird Road, Pelican Park, Pelikan Park, Cape Town, City of Cape Town, Western Cape, 7941, South Africa
CLICKS PHARMACY - PICBEL PARKADE;O0395842;ALFONSO MAGMAN;ACT01008;B;B;;CAPE TOWN;6157;CAPE TOWN;WESTERN CAPE;CITY OF CAPE TOWN METROPOLITAN MUNICIPALITY;CAPE TOWN;-33.924900;18.424100;Area estimate;Area-level;CAPE TOWN centroid
CLICKS PHARMACY - PINELANDS (HOWARD CENTRE);O0256453;ALFONSO MAGMAN;ACT01008;B;B;;PINELANDS;5333;CAPE TOWN;WESTERN CAPE;CITY OF CAPE TOWN METROPOLITAN MUNICIPALITY;PINELANDS;-33.931000;18.512100;Area estimate;Area-level;PINELANDS centroid
CLICKS PHARMACY - PROMENADE;O0215289;ALFONSO MAGMAN;ACT01008;B;B;;MITCHELLS PLAIN;5929;CAPE TOWN;WESTERN CAPE;CITY OF CAPE TOWN METROPOLITAN MUNICIPALITY;MITCHELLS PLAIN;-34.048800;18.617300;Area estimate;Area-level;MITCHELLS PLAIN centroid
CLICKS PHARMACY - PROSPUR;O0084867;ALFONSO MAGMAN;ACT01008;B;B;;PLUMSTEAD;5990;CAPE TOWN;WESTERN CAPE;CITY OF CAPE TOWN METROPOLITAN MUNICIPALITY;PLUMSTEAD;-34.019300;18.472100;Area estimate;Area-level;PLUMSTEAD centroid
CLICKS PHARMACY - RONDEBOSCH;O0226170;ALFONSO MAGMAN;ACT01008;B;B;;RONDEBOSCH;5833;CAPE TOWN;WESTERN CAPE;CITY OF CAPE TOWN METROPOLITAN MUNICIPALITY;RONDEBOSCH;-33.960184;18.470568;OSM pharmacy;High;Clicks, Fountain Square, Cape Town Ward 59, Cape Town, City of Cape Town, Western Cape, 7700, South Africa
CLICKS PHARMACY - ROSMEAD AVENUE;O0112433;ALFONSO MAGMAN;ACT01008;B;B;;KENILWORTH;5820;CAPE TOWN;WESTERN CAPE;CITY OF CAPE TOWN METROPOLITAN MUNICIPALITY;KENILWORTH;-33.994100;18.471500;Area estimate;Area-level;KENILWORTH centroid
CLICKS PHARMACY - RYLANDS VILLAGE;O0386267;ALFONSO MAGMAN;ACT01008;B;B;;GATESVILLE;5859;CAPE TOWN;WESTERN CAPE;CITY OF CAPE TOWN METROPOLITAN MUNICIPALITY;GATESVILLE;-33.965700;18.539200;Area estimate;Area-level;GATESVILLE centroid
CLICKS PHARMACY - SANBURY SQUARE;O1784786;ALFONSO MAGMAN;ACT01008;B;B;;FAURE;5204;CAPE TOWN;WESTERN CAPE;CITY OF CAPE TOWN METROPOLITAN MUNICIPALITY;FAURE;-34.031400;18.760200;Area estimate;Area-level;FAURE centroid
CLICKS PHARMACY - SOMERSET MALL;O0212542;ALFONSO MAGMAN;ACT01008;B;B;;SOMERSET WEST;5194;CAPE TOWN;WESTERN CAPE;CITY OF CAPE TOWN METROPOLITAN MUNICIPALITY;SOMERSET WEST;-34.075700;18.843300;Area estimate;Area-level;SOMERSET WEST centroid
CLICKS PHARMACY - SOMERSET WEST;O0251236;ALFONSO MAGMAN;ACT01008;B;B;;SOMERSET WEST;5194;CAPE TOWN;WESTERN CAPE;CITY OF CAPE TOWN METROPOLITAN MUNICIPALITY;SOMERSET WEST;-34.070602;18.822956;OSM pharmacy;High;Clicks, Broadway Boulevard, Die Wingerd, Cape Town Ward 15, Somerset West, City of Cape Town, Western Cape, 7130, South Africa
CLICKS PHARMACY - STRAND SQUARE;O0345557;ALFONSO MAGMAN;ACT01008;B;B;;STRAND;5216;CAPE TOWN;WESTERN CAPE;CITY OF CAPE TOWN METROPOLITAN MUNICIPALITY;STRAND;-34.106900;18.827500;Area estimate;Area-level;STRAND centroid
CLICKS PHARMACY - SWELLENDAM;O0303377;ALFONSO MAGMAN;ACT01008;B;B;;SWELLENDAM;4946;SWELLENDAM;WESTERN CAPE;OVERBERG DISTRICT MUNICIPALITY;SWELLENDAM;-34.019922;20.446448;OSM pharmacy;High;Clicks, Trichardt Street, Swellendam, Railton, Swellendam Ward 4, Swellendam, Swellendam Local Municipality, Overberg District Municipality, Western Cape, 6470, South Africa
CLICKS PHARMACY - THE JUNCTION MALL;O0403703;ALFONSO MAGMAN;ACT01008;B;B;;PHILIPPI;5937;CAPE TOWN;WESTERN CAPE;CITY OF CAPE TOWN METROPOLITAN MUNICIPALITY;PHILIPPI;-34.009900;18.547700;Area estimate;Area-level;PHILIPPI centroid
CLICKS PHARMACY - THE POINT;O0277543;ALFONSO MAGMAN;ACT01008;B;B;;SEA POINT;6194;CAPE TOWN;WESTERN CAPE;CITY OF CAPE TOWN METROPOLITAN MUNICIPALITY;SEA POINT;-33.921649;18.382022;OSM pharmacy;High;Clicks, Regent Road, Cape Town Ward 54, Cape Town, City of Cape Town, Western Cape, 8005, South Africa
CLICKS PHARMACY - THE SANCTUARY;O0374113;ALFONSO MAGMAN;ACT01008;B;B;;SOMERSET WEST;5194;CAPE TOWN;WESTERN CAPE;CITY OF CAPE TOWN METROPOLITAN MUNICIPALITY;SOMERSET WEST;-34.075700;18.843300;Area estimate;Area-level;SOMERSET WEST centroid
CLICKS PHARMACY - TOKAI;O0089477;ALFONSO MAGMAN;ACT01008;B;B;;TOKAI;6075;CAPE TOWN;WESTERN CAPE;CITY OF CAPE TOWN METROPOLITAN MUNICIPALITY;TOKAI;-34.063968;18.450916;OSM pharmacy;High;Clicks, Keyser River Drive, Dennedal, Cape Town Ward 71, Cape Town, City of Cape Town, Western Cape, 7945, South Africa
CLICKS PHARMACY - TOWN CENTRE;O0087303;ALFONSO MAGMAN;ACT01008;B;B;;MITCHELLS PLAIN;5929;CAPE TOWN;WESTERN CAPE;CITY OF CAPE TOWN METROPOLITAN MUNICIPALITY;MITCHELLS PLAIN;-33.918370;18.423220;OSM pharmacy;Low;Clicks, Hans Strijdom Avenue, Cape Town Ward 115, Cape Town, City of Cape Town, Western Cape, 8001, South Africa
CLICKS PHARMACY - V & A WATERFRONT;O0210873;ALFONSO MAGMAN;ACT01008;B;B;;WATERFRONT;6208;CAPE TOWN;WESTERN CAPE;CITY OF CAPE TOWN METROPOLITAN MUNICIPALITY;WATERFRONT;-33.907513;18.422401;OSM pharmacy;High;Clicks, Fish Quay Road, Foreshore, Cape Town Ward 115, Cape Town, City of Cape Town, Western Cape, 8001, South Africa
CLICKS PHARMACY - VANGATE MALL;O0223266;ALFONSO MAGMAN;ACT01008;B;B;;ATHLONE;5850;CAPE TOWN;WESTERN CAPE;CITY OF CAPE TOWN METROPOLITAN MUNICIPALITY;ATHLONE;-33.964800;18.505600;Area estimate;Area-level;ATHLONE centroid
CLICKS PHARMACY - VERGELEGEN;O0340976;ALFONSO MAGMAN;ACT01008;B;B;;SOMERSET WEST;5194;CAPE TOWN;WESTERN CAPE;CITY OF CAPE TOWN METROPOLITAN MUNICIPALITY;SOMERSET WEST;-34.075700;18.843300;Area estimate;Area-level;SOMERSET WEST centroid
CLICKS PHARMACY - WATERGATE MALL;O0388080;ALFONSO MAGMAN;ACT01008;B;B;;LENTEGEUR;5924;CAPE TOWN;WESTERN CAPE;CITY OF CAPE TOWN METROPOLITAN MUNICIPALITY;LENTEGEUR;-34.037000;18.616000;Area estimate;Area-level;LENTEGEUR centroid
CLICKS PHARMACY - WATERSTONE VILLAGE;O0239989;ALFONSO MAGMAN;ACT01008;B;B;;SOMERSET WEST;5194;CAPE TOWN;WESTERN CAPE;CITY OF CAPE TOWN METROPOLITAN MUNICIPALITY;SOMERSET WEST;-34.075700;18.843300;Area estimate;Area-level;SOMERSET WEST centroid
CLICKS PHARMACY - WESTGATE MALL;O0280015;ALFONSO MAGMAN;ACT01008;B;B;;MITCHELLS PLAIN;5929;CAPE TOWN;WESTERN CAPE;CITY OF CAPE TOWN METROPOLITAN MUNICIPALITY;MITCHELLS PLAIN;-34.048800;18.617300;Area estimate;Area-level;MITCHELLS PLAIN centroid
CLICKS PHARMACY - WHALE COAST MALL;O0387530;ALFONSO MAGMAN;ACT01008;B;B;;HERMANUS;5229;HERMANUS;WESTERN CAPE;OVERBERG DISTRICT MUNICIPALITY;HERMANUS;-34.418700;19.234500;Area estimate;Area-level;HERMANUS centroid
HYPERMED PHARMACY;O0088430;ALFONSO MAGMAN;ACT01008;B;B;;GREEN POINT;6170;CAPE TOWN;WESTERN CAPE;CITY OF CAPE TOWN METROPOLITAN MUNICIPALITY;GREEN POINT;-33.908265;18.410401;OSM place;Medium;Hypermed Pharmacy, York Road, Cape Town Ward 115, Cape Town, City of Cape Town, Western Cape, 8005, South Africa
KOEBERG PHARMACY;O0087817;ALFONSO MAGMAN;ACT01008;B;B;;MAITLAND;5325;CAPE TOWN;WESTERN CAPE;CITY OF CAPE TOWN METROPOLITAN MUNICIPALITY;MAITLAND;-33.920800;18.489700;Area estimate;Area-level;MAITLAND centroid
LENTEGEUR PHARMACY;O0182879;ALFONSO MAGMAN;ACT01008;B;B;;LENTEGEUR;5924;CAPE TOWN;WESTERN CAPE;CITY OF CAPE TOWN METROPOLITAN MUNICIPALITY;LENTEGEUR;-34.029370;18.610530;OSM place;Medium;Lentegeur Secondary School, Rooikrans Road, Lentegeur, Cape Town Ward 76, Cape Town, City of Cape Town, Western Cape, 7785, South Africa
LIFESTYLE PHARMACY - OBSERVATORY;O0169868;ALFONSO MAGMAN;ACT01008;B;B;;OBSERVATORY;6005;CAPE TOWN;WESTERN CAPE;CITY OF CAPE TOWN METROPOLITAN MUNICIPALITY;OBSERVATORY;-33.941802;18.466599;OSM pharmacy;High;Lifestyle Pharmacy, 423, Main Road, Cape Town Ward 57, Cape Town, City of Cape Town, Western Cape, 7925, South Africa
MAITLAND FAMILY PHARMACY;O0270922;ALFONSO MAGMAN;ACT01008;B;B;;MAITLAND;5325;CAPE TOWN;WESTERN CAPE;CITY OF CAPE TOWN METROPOLITAN MUNICIPALITY;MAITLAND;-33.920800;18.489700;Area estimate;Area-level;MAITLAND centroid
MEDIRITE PHARMACY - HELDERBERG MALL;O0363491;ALFONSO MAGMAN;ACT01008;B;B;;HELDERBERG;7151;CAPE TOWN;WESTERN CAPE;CITY OF CAPE TOWN METROPOLITAN MUNICIPALITY;HELDERBERG;-34.075700;18.843300;Area estimate;Area-level;HELDERBERG centroid
MEDIRITE PHARMACY - HERMANUS;O0270794;ALFONSO MAGMAN;ACT01008;B;B;;HERMANUS;5229;HERMANUS;WESTERN CAPE;OVERBERG DISTRICT MUNICIPALITY;HERMANUS;-34.418700;19.234500;Area estimate;Area-level;HERMANUS centroid
MEDIRITE PHARMACY - KENILWORTH;O0245314;ALFONSO MAGMAN;ACT01008;B;B;;KENILWORTH;5820;CAPE TOWN;WESTERN CAPE;CITY OF CAPE TOWN METROPOLITAN MUNICIPALITY;KENILWORTH;-33.994100;18.471500;Area estimate;Area-level;KENILWORTH centroid
MEDIRITE PHARMACY - KHAYELITSHA;O0239816;ALFONSO MAGMAN;ACT01008;B;B;;KHAYELITSHA;5910;CAPE TOWN;WESTERN CAPE;CITY OF CAPE TOWN METROPOLITAN MUNICIPALITY;KHAYELITSHA;-34.039300;18.679200;Area estimate;Area-level;KHAYELITSHA centroid
MEDIRITE PHARMACY - SEA POINT;O0224869;ALFONSO MAGMAN;ACT01008;B;B;;SEA POINT;6194;CAPE TOWN;WESTERN CAPE;CITY OF CAPE TOWN METROPOLITAN MUNICIPALITY;SEA POINT;-33.918000;18.389500;Area estimate;Area-level;SEA POINT centroid
MEDIRITE PHARMACY - SOMERSET WEST;O0160140;ALFONSO MAGMAN;ACT01008;B;B;;SOMERSET WEST;5194;CAPE TOWN;WESTERN CAPE;CITY OF CAPE TOWN METROPOLITAN MUNICIPALITY;SOMERSET WEST;-34.075700;18.843300;Area estimate;Area-level;SOMERSET WEST centroid
MEDIRITE PHARMACY - TOKAI;O0213631;ALFONSO MAGMAN;ACT01008;B;B;;TOKAI;6075;CAPE TOWN;WESTERN CAPE;CITY OF CAPE TOWN METROPOLITAN MUNICIPALITY;TOKAI;-34.061700;18.438300;Area estimate;Area-level;TOKAI centroid
MEDIRITE PHARMACY - VINEYARD;O0257056;ALFONSO MAGMAN;ACT01008;B;B;;SOMERSET WEST;5194;CAPE TOWN;WESTERN CAPE;CITY OF CAPE TOWN METROPOLITAN MUNICIPALITY;SOMERSET WEST;-34.075700;18.843300;Area estimate;Area-level;SOMERSET WEST centroid
MEDIRITE PHARMACY - WELTEVREDEN (MITCHELL'S PLAIN);O0241274;ALFONSO MAGMAN;ACT01008;B;B;;MITCHELLS PLAIN;5929;CAPE TOWN;WESTERN CAPE;CITY OF CAPE TOWN METROPOLITAN MUNICIPALITY;MITCHELLS PLAIN;-34.048800;18.617300;Area estimate;Area-level;MITCHELLS PLAIN centroid
REO FAMILY PHARMACY;O0086668;ALFONSO MAGMAN;ACT01008;B;B;;ELSIES RIVER;5419;CAPE TOWN;WESTERN CAPE;CITY OF CAPE TOWN METROPOLITAN MUNICIPALITY;ELSIES RIVER;-33.917152;18.565903;OSM pharmacy;High;REO Family Pharmacy, Elsies River Halt, Vrijzee, Cape Town Ward 26, Elsiesriver, City of Cape Town, Western Cape, 7940, South Africa
SYMPHONY PHARMACY;O0167215;ALFONSO MAGMAN;ACT01008;B;B;;MITCHELLS PLAIN;5929;CAPE TOWN;WESTERN CAPE;CITY OF CAPE TOWN METROPOLITAN MUNICIPALITY;MITCHELLS PLAIN;-34.049601;18.621684;OSM place;Low;Symphony Walk, Eastridge, Cape Town Ward 79, Mitchells Plain, City of Cape Town, Western Cape, 7785, South Africa
